BEGIN TRANSACTION;
CREATE TABLE IF NOT EXISTS "cache" (
	"key"	varchar NOT NULL,
	"value"	text NOT NULL,
	"expiration"	integer NOT NULL,
	PRIMARY KEY("key")
);
CREATE TABLE IF NOT EXISTS "cache_locks" (
	"key"	varchar NOT NULL,
	"owner"	varchar NOT NULL,
	"expiration"	integer NOT NULL,
	PRIMARY KEY("key")
);
CREATE TABLE IF NOT EXISTS "dojos" (
	"id"	integer NOT NULL,
	"created_at"	datetime,
	"updated_at"	datetime,
	"name"	varchar NOT NULL,
	"description"	text NOT NULL,
	"location"	varchar NOT NULL,
	PRIMARY KEY("id" AUTOINCREMENT)
);
CREATE TABLE IF NOT EXISTS "failed_jobs" (
	"id"	integer NOT NULL,
	"uuid"	varchar NOT NULL,
	"connection"	text NOT NULL,
	"queue"	text NOT NULL,
	"payload"	text NOT NULL,
	"exception"	text NOT NULL,
	"failed_at"	datetime NOT NULL DEFAULT CURRENT_TIMESTAMP,
	PRIMARY KEY("id" AUTOINCREMENT)
);
CREATE TABLE IF NOT EXISTS "job_batches" (
	"id"	varchar NOT NULL,
	"name"	varchar NOT NULL,
	"total_jobs"	integer NOT NULL,
	"pending_jobs"	integer NOT NULL,
	"failed_jobs"	integer NOT NULL,
	"failed_job_ids"	text NOT NULL,
	"options"	text,
	"cancelled_at"	integer,
	"created_at"	integer NOT NULL,
	"finished_at"	integer,
	PRIMARY KEY("id")
);
CREATE TABLE IF NOT EXISTS "jobs" (
	"id"	integer NOT NULL,
	"queue"	varchar NOT NULL,
	"payload"	text NOT NULL,
	"attempts"	integer NOT NULL,
	"reserved_at"	integer,
	"available_at"	integer NOT NULL,
	"created_at"	integer NOT NULL,
	PRIMARY KEY("id" AUTOINCREMENT)
);
CREATE TABLE IF NOT EXISTS "migrations" (
	"id"	integer NOT NULL,
	"migration"	varchar NOT NULL,
	"batch"	integer NOT NULL,
	PRIMARY KEY("id" AUTOINCREMENT)
);
CREATE TABLE IF NOT EXISTS "ninjas" (
	"id"	integer NOT NULL,
	"created_at"	datetime,
	"updated_at"	datetime,
	"name"	varchar NOT NULL,
	"skill"	integer NOT NULL,
	"bio"	text NOT NULL,
	"dojo_id"	integer NOT NULL,
	PRIMARY KEY("id" AUTOINCREMENT)
);
CREATE TABLE IF NOT EXISTS "password_reset_tokens" (
	"email"	varchar NOT NULL,
	"token"	varchar NOT NULL,
	"created_at"	datetime,
	PRIMARY KEY("email")
);
CREATE TABLE IF NOT EXISTS "sessions" (
	"id"	varchar NOT NULL,
	"user_id"	integer,
	"ip_address"	varchar,
	"user_agent"	text,
	"payload"	text NOT NULL,
	"last_activity"	integer NOT NULL,
	PRIMARY KEY("id")
);
CREATE TABLE IF NOT EXISTS "users" (
	"id"	integer NOT NULL,
	"name"	varchar NOT NULL,
	"email"	varchar NOT NULL,
	"email_verified_at"	datetime,
	"password"	varchar NOT NULL,
	"remember_token"	varchar,
	"created_at"	datetime,
	"updated_at"	datetime,
	PRIMARY KEY("id" AUTOINCREMENT)
);
INSERT INTO "dojos" VALUES (1,'2024-12-04 06:44:36','2024-12-04 06:44:36','Jones, O''Hara and Miller','Ea eligendi nulla esse eveniet. Sit est laborum quis animi eaque fugiat. Dolor vel eos minus. Rem aut architecto officiis sunt natus. Iure ad omnis repellendus sed. Aut aperiam ullam consectetur voluptas minima id illo. Aut minus recusandae incidunt est minus sint voluptatibus. Nobis enim hic iste quo ipsum numquam. Aut autem sit et qui. Quaerat molestias natus aspernatur accusamus animi vitae ex.','South Henriette');
INSERT INTO "dojos" VALUES (2,'2024-12-04 06:44:36','2024-12-04 06:44:36','Lindgren Inc','Eligendi amet voluptas et voluptatem eius quidem. Quas aut aut optio molestias consequatur. Cupiditate fuga neque nemo aut ducimus qui. Consequatur modi qui reiciendis sit tenetur beatae. Qui natus inventore minima repellendus fugiat eum molestiae. Vitae ex possimus rem sit aspernatur impedit modi. Ipsa ut repellendus esse neque voluptas veritatis dolores ut. Saepe placeat recusandae iusto quas culpa temporibus placeat. Voluptas dolorem vero dignissimos ipsam. Nihil dolorum commodi repellat expedita. Quia quis dolorum laboriosam aut tempora ut. Est reiciendis adipisci autem nihil quam voluptatem molestias quasi. Dolorem dolorum non tempore praesentium dolorem quasi quia aut. Consectetur esse placeat exercitationem maiores placeat.','Donavonfort');
INSERT INTO "dojos" VALUES (3,'2024-12-04 06:44:36','2024-12-04 06:44:36','Schmeler-Ruecker','Nam qui in illum ut temporibus et. Consequuntur architecto labore officiis sint fugit. Fugit in fugiat ipsum occaecati nihil ipsam. Harum laboriosam tempore saepe quidem. Sed id voluptas architecto. Recusandae voluptatem aut dicta ut commodi voluptatibus aut voluptas. Consectetur et sit et quia. Ut porro explicabo illum architecto qui non exercitationem. Consequatur voluptas et aut id dignissimos iusto. Sed ratione rerum consequatur dolor accusantium animi. Cum deserunt nihil temporibus quia omnis inventore velit. Hic qui et perferendis quo labore neque aut dignissimos. Et quia dolorem reiciendis id. Qui et ut eos minima asperiores a est.','Destanyberg');
INSERT INTO "dojos" VALUES (4,'2024-12-04 06:44:36','2024-12-04 06:44:36','Koss-Carter','Facere consequatur molestiae nam sed rem assumenda tenetur. Sed quis aliquid sed dolores et. Aut nobis optio officiis vel molestiae rem et cumque. Quis totam dolores et molestias nesciunt eos. Expedita debitis qui voluptates sed consequuntur. Sint dolorem explicabo omnis et itaque libero et impedit. Et recusandae nobis velit odio. Et quo minima numquam sit vero excepturi eius. Voluptas adipisci a et ab qui.','Toyton');
INSERT INTO "dojos" VALUES (5,'2024-12-04 06:44:36','2024-12-04 06:44:36','Sanford Group','Sit harum veritatis provident reprehenderit quisquam quia nemo sit. Quibusdam fugiat vel voluptatem molestiae quos vel error. Est molestias ut nam qui numquam veniam et. Officiis sed impedit laudantium ab esse voluptas dolores alias. Voluptate incidunt consectetur sit id est. Nisi voluptatum in sit. Ea est maiores necessitatibus eaque eum animi et. Cupiditate illum reprehenderit est dolor ut. Ducimus ea odit tenetur id. Qui quis nostrum quas. Dolorem quos laboriosam architecto est. Autem tenetur id facilis autem.','Reingerfort');
INSERT INTO "dojos" VALUES (6,'2024-12-04 06:44:36','2024-12-04 06:44:36','Spencer-Collier','Incidunt non et aut voluptatibus doloribus. Facere sapiente ad doloribus non fuga enim quidem. Qui tenetur et nostrum laudantium nihil. Et soluta dolor voluptatem omnis. Quia porro nihil sunt iusto illo incidunt. Dolores in nihil earum ullam error nesciunt aspernatur. Similique dolorem facere sunt rerum. Laboriosam qui et autem autem sed placeat. Voluptas quia necessitatibus facere saepe eos minima. Odio ad corporis itaque.','North Lera');
INSERT INTO "dojos" VALUES (7,'2024-12-04 06:44:36','2024-12-04 06:44:36','Russel, Hoeger and Hodkiewicz','Est expedita praesentium ipsum alias. Ea enim et a quas amet. Impedit est odit consequatur quam saepe. Officiis consectetur qui soluta maiores. Laboriosam optio consequuntur cum excepturi sit placeat. A optio ducimus quis quas odit nihil est. Necessitatibus temporibus totam quo quam sed expedita. Impedit pariatur porro optio et. Unde dolorem sapiente debitis quas sit. Aliquid voluptatem qui autem qui commodi ut dolor. Eveniet sunt at sint est inventore quibusdam. Quam sit quo quos nemo quos sit. Culpa veritatis exercitationem libero ab laudantium ea.','New Augustusmouth');
INSERT INTO "dojos" VALUES (8,'2024-12-04 06:44:36','2024-12-04 06:44:36','Stanton-Jerde','Quia incidunt ipsam impedit dolores et quibusdam. Tenetur magni fuga quaerat a labore ea. Ea nemo accusantium quia veniam et. Harum voluptate amet eligendi laborum qui. Magni explicabo et eos unde. Qui animi vel et accusantium. Eveniet ea incidunt voluptas quo eos. Voluptate ullam at voluptatem et. Facere quod id voluptas ducimus omnis.','South Vernchester');
INSERT INTO "dojos" VALUES (9,'2024-12-04 06:44:36','2024-12-04 06:44:36','Swift, Kub and Jenkins','Consectetur natus aliquid aut voluptatem animi minus dicta rem. Illo hic totam dolorum non ratione dolore. Tempore ipsa quo vel magni quis. Ab aperiam eius culpa soluta vero nihil nostrum sint. Explicabo fugit sint iure. Eaque quos quam necessitatibus ut facilis error voluptatibus dignissimos. Sit sit voluptatibus non eos. Totam rerum sapiente nisi id soluta rem. Aut expedita odio molestiae sed veritatis. Explicabo exercitationem rem quae voluptatem.','Lake Della');
INSERT INTO "dojos" VALUES (10,'2024-12-04 06:44:36','2024-12-04 06:44:36','Bins-Powlowski','Omnis ipsa molestiae incidunt quas. Enim molestiae sint doloribus qui. Est amet qui ut ut omnis. Est debitis nemo rerum possimus ullam. Voluptas eos enim earum voluptatum et ea ut. Consequatur est similique soluta possimus ipsam veniam reiciendis. Recusandae dicta enim suscipit. Est quaerat provident rerum commodi. Dolores ut harum necessitatibus consequuntur. Dolores vel repudiandae repellat et. Amet deleniti distinctio illum id quam. Ut animi est tenetur architecto. Provident ullam doloremque impedit quae eum deleniti at impedit. Ab nostrum non est eligendi quia modi ex.','East Novellaville');
INSERT INTO "migrations" VALUES (1,'0001_01_01_000000_create_users_table',1);
INSERT INTO "migrations" VALUES (2,'0001_01_01_000001_create_cache_table',1);
INSERT INTO "migrations" VALUES (3,'0001_01_01_000002_create_jobs_table',1);
INSERT INTO "migrations" VALUES (4,'2024_11_29_092233_create_ninjas_table',1);
INSERT INTO "migrations" VALUES (5,'2024_12_02_083201_create_dojos_table',1);
INSERT INTO "ninjas" VALUES (1,'2024-12-04 06:44:36','2024-12-04 06:44:36','Jazlyn Purdy',0,'Oh dear! I''d nearly forgotten that I''ve got to see if she had been anxiously looking across the field after it, never once considering how in the beautiful garden, among the people near the entrance of the wood--(she considered him to you, Though they were nowhere to be a comfort, one way--never to be two people. ''But it''s no use speaking to a snail. "There''s a porpoise close behind us, and he''s treading on my tail. See how eagerly the lobsters to the little door: but, alas! the little door.',7);
INSERT INTO "ninjas" VALUES (2,'2024-12-04 06:44:36','2024-12-04 06:44:36','Thelma Stracke DDS',17,'Rabbit hastily interrupted. ''There''s a great deal to come yet, please your Majesty,'' said Two, in a game of play with a sigh: ''it''s always tea-time, and we''ve no time to wash the things get used up.'' ''But what am I then? Tell me that first, and then, ''we went to school in the way of speaking to a day-school, too,'' said Alice; ''all I know is, something comes at me like that!'' said Alice indignantly, and she grew no larger: still it had been, it suddenly appeared again. ''By-the-bye, what became.',3);
INSERT INTO "ninjas" VALUES (3,'2024-12-04 06:44:36','2024-12-04 06:44:36','Torrey Mohr PhD',92,'I am, sir,'' said Alice; ''it''s laid for a minute or two, they began running about in all my limbs very supple By the time at the March Hare went ''Sh! sh!'' and the Hatter went on, spreading out the verses on his spectacles and looked at Alice, as she added, to herself, rather sharply; ''I advise you to set them free, Exactly as we needn''t try to find that she had grown so large in the lap of her ever getting out of its mouth and began singing in its hurry to change the subject of conversation.',5);
INSERT INTO "ninjas" VALUES (4,'2024-12-04 06:44:36','2024-12-04 06:44:36','Elaina Heidenreich',0,'I''m sure she''s the best plan.'' It sounded an excellent plan, no doubt, and very soon found out a history of the other side will make you a song?'' ''Oh, a song, please, if the Mock Turtle, ''but if you''ve seen them at last, more calmly, though still sobbing a little timidly: ''but it''s no use in crying like that!'' By this time she heard her voice close to her very much pleased at having found out a history of the table, but there was a body to cut it off from: that he had never been in a long, low.',6);
INSERT INTO "ninjas" VALUES (5,'2024-12-04 06:44:36','2024-12-04 06:44:36','Dorothea Heller',51,'Queen ordering off her knowledge, as there was room for her. ''Yes!'' shouted Alice. ''Come on, then,'' said Alice, whose thoughts were still running on the glass table and the White Rabbit read:-- ''They told me you had been (Before she had looked under it, and fortunately was just in time to wash the things being alive; for instance, there''s the arch I''ve got back to the Dormouse, and repeated her question. ''Why did you call him Tortoise--'' ''Why did you begin?'' The Hatter looked at Alice, and she.',8);
INSERT INTO "ninjas" VALUES (6,'2024-12-04 06:44:36','2024-12-04 06:44:36','Rosella Jacobs',56,'Nile On every golden scale! ''How cheerfully he seems to be sure, this generally happens when one eats cake, but Alice had begun to dream that she was now about two feet high: even then she noticed that the hedgehog a blow with its eyelids, so he with his nose Trims his belt and his buttons, and turns out his toes.'' [later editions continued as follows When the pie was all dark overhead; before her was another long passage, and the Queen''s shrill cries to the game. CHAPTER IX. The Mock Turtle.',4);
INSERT INTO "ninjas" VALUES (7,'2024-12-04 06:44:36','2024-12-04 06:44:36','Mr. Alexandre Halvorson IV',14,'Queen! The Queen!'' and the words did not like to have no answers.'' ''If you please, sir--'' The Rabbit Sends in a thick wood. ''The first thing I''ve got to the jury, of course--"I GAVE HER ONE, THEY GAVE HIM TWO--" why, that must be growing small again.'' She got up this morning, but I grow up, I''ll write one--but I''m grown up now,'' she added in an agony of terror. ''Oh, there goes his PRECIOUS nose''; as an unusually large saucepan flew close by her. There was a most extraordinary noise going on.',3);
INSERT INTO "ninjas" VALUES (8,'2024-12-04 06:44:36','2024-12-04 06:44:36','Karolann Sauer',26,'Dinah my dear! I shall be late!'' (when she thought there was hardly room to open her mouth; but she remembered the number of executions the Queen to-day?'' ''I should think it so quickly that the reason is--'' here the Mock Turtle repeated thoughtfully. ''I should like to show you! A little bright-eyed terrier, you know, as we needn''t try to find any. And yet you incessantly stand on your head-- Do you think you can find it.'' And she tried to speak, but for a baby: altogether Alice did not like to.',7);
INSERT INTO "ninjas" VALUES (9,'2024-12-04 06:44:36','2024-12-04 06:44:36','Jarret Brakus',63,'Cheshire cats always grinned; in fact, I didn''t know it was a large piece out of the officers: but the cook took the thimble, saying ''We beg your acceptance of this sort in her pocket) till she had caught the baby joined):-- ''Wow! wow! wow!'' While the Duchess said to itself ''Then I''ll go round and look up in a natural way. ''I thought it would like the Mock Turtle, who looked at poor Alice, ''to speak to this last word two or three of the trial.'' ''Stupid things!'' Alice began in a trembling voice.',3);
INSERT INTO "ninjas" VALUES (10,'2024-12-04 06:44:36','2024-12-04 06:44:36','Prof. Wilfrid Oberbrunner',62,'GAVE HER ONE, THEY GAVE HIM TWO--" why, that must be getting home; the night-air doesn''t suit my throat!'' and a piece of bread-and-butter in the grass, merely remarking as it settled down again, the cook was busily stirring the soup, and seemed to be sure! However, everything is queer to-day.'' Just then she remembered that she was beginning to grow up again! Let me see: I''ll give them a railway station.) However, she got up and picking the daisies, when suddenly a footman because he was.',10);
INSERT INTO "ninjas" VALUES (11,'2024-12-04 06:44:36','2024-12-04 06:44:36','Halle Predovic',24,'Dormouse''s place, and Alice guessed who it was, and, as they all quarrel so dreadfully one can''t hear oneself speak--and they don''t seem to come upon them THIS size: why, I should think very likely true.) Down, down, down. There was nothing on it in time,'' said the March Hare: she thought to herself. Imagine her surprise, when the Rabbit noticed Alice, as she said to the law, And argued each case with MINE,'' said the Mock Turtle in the pool as it was certainly too much of it had VERY long.',3);
INSERT INTO "ninjas" VALUES (12,'2024-12-04 06:44:37','2024-12-04 06:44:37','Lazaro Morar',80,'Hardly knowing what she was quite pale (with passion, Alice thought), and it was written to nobody, which isn''t usual, you know.'' He was an immense length of neck, which seemed to Alice to herself. At this moment the King, ''and don''t look at the jury-box, or they would go, and making faces at him as he spoke, and the Mock Turtle replied, counting off the subjects on his slate with one eye, How the Owl had the dish as its share of the ground--and I should understand that better,'' Alice said.',9);
INSERT INTO "ninjas" VALUES (13,'2024-12-04 06:44:37','2024-12-04 06:44:37','Ms. Fanny Padberg Jr.',30,'King, going up to her that she began shrinking directly. As soon as she could remember them, all these changes are! I''m never sure what I''m going to happen next. First, she tried the effect of lying down on their slates, and she did not at all a proper way of escape, and wondering what to do it! Oh dear! I wish you would have done just as she had felt quite strange at first; but she felt that it might appear to others that what you like,'' said the King repeated angrily, ''or I''ll have you got.',5);
INSERT INTO "ninjas" VALUES (14,'2024-12-04 06:44:37','2024-12-04 06:44:37','Ms. Nya Davis',96,'Footman. ''That''s the judge,'' she said this, she came in with a round face, and was immediately suppressed by the whole pack rose up into the earth. Let me see--how IS it to her feet in the middle of one! There ought to be two people! Why, there''s hardly enough of it in asking riddles that have no sort of present!'' thought Alice. ''I''m glad I''ve seen that done,'' thought Alice. One of the court. ''What do you know about this business?'' the King said gravely, ''and go on in a sulky tone, as it.',2);
INSERT INTO "ninjas" VALUES (15,'2024-12-04 06:44:37','2024-12-04 06:44:37','Miss Ena Beer PhD',52,'Queen to play croquet.'' Then they both sat silent for a great many more than three.'' ''Your hair wants cutting,'' said the Duchess, ''and that''s the jury-box,'' thought Alice, ''it''ll never do to come down the chimney?--Nay, I shan''t! YOU do it!--That I won''t, then!--Bill''s to go down the middle, wondering how she was getting very sleepy; ''and they all stopped and looked anxiously at the March Hare said to Alice, ''Have you seen the Mock Turtle in a natural way. ''I thought you did,'' said the.',4);
INSERT INTO "ninjas" VALUES (16,'2024-12-04 06:44:37','2024-12-04 06:44:37','Vilma Cruickshank',38,'I''m here! Digging for apples, indeed!'' said the Mouse had changed his mind, and was just going to give the prizes?'' quite a conversation of it had made. ''He took me for his housemaid,'' she said to herself, as usual. I wonder if I shall be punished for it flashed across her mind that she never knew whether it was talking in his throat,'' said the Caterpillar seemed to have it explained,'' said the Duck: ''it''s generally a ridge or furrow in the sea, some children digging in the same age as.',9);
INSERT INTO "ninjas" VALUES (17,'2024-12-04 06:44:37','2024-12-04 06:44:37','Adrianna Windler',57,'Alice to herself, rather sharply; ''I advise you to get into her face. ''Wake up, Alice dear!'' said her sister; ''Why, what are they doing?'' Alice whispered to the beginning of the trees had a head could be beheaded, and that you couldn''t cut off a bit hurt, and she told her sister, as well as I get it home?'' when it grunted again, and went on just as she spoke. (The unfortunate little Bill had left off staring at the Duchess was VERY ugly; and secondly, because they''re making such a thing as a.',10);
INSERT INTO "ninjas" VALUES (18,'2024-12-04 06:44:37','2024-12-04 06:44:37','Wilfrid Ankunding',39,'After a time there were no tears. ''If you''re going to say,'' said the March Hare,) ''--it was at the Lizard as she went on to her daughter ''Ah, my dear! Let this be a letter, after all: it''s a very decided tone: ''tell her something worth hearing. For some minutes the whole she thought it had a door leading right into a chrysalis--you will some day, you know--and then after that into a large ring, with the time,'' she said, ''than waste it in a very humble tone, going down on the shingle--will you.',8);
INSERT INTO "ninjas" VALUES (19,'2024-12-04 06:44:37','2024-12-04 06:44:37','Dolly Hintz',10,'The long grass rustled at her side. She was a long time together.'' ''Which is just the case with MINE,'' said the Pigeon; ''but I must be kind to them,'' thought Alice, and she set the little door, so she went slowly after it: ''I never saw one, or heard of uglifying!'' it exclaimed. ''You know what they''re about!'' ''Read them,'' said the Gryphon, before Alice could think of what work it would feel with all speed back to her: first, because the Duchess said to herself. ''Shy, they seem to encourage the.',6);
INSERT INTO "ninjas" VALUES (20,'2024-12-04 06:44:37','2024-12-04 06:44:37','Dr. Lavon Hilpert PhD',52,'I had our Dinah here, I know all sorts of things, and she, oh! she knows such a nice soft thing to eat her up in such confusion that she had somehow fallen into the roof of the bottle was a different person then.'' ''Explain all that,'' he said in a sort of lullaby to it in large letters. It was as steady as ever; Yet you finished the goose, with the bones and the blades of grass, but she gained courage as she could. ''The game''s going on within--a constant howling and sneezing, and every now and.',1);
INSERT INTO "ninjas" VALUES (21,'2024-12-04 06:44:37','2024-12-04 06:44:37','Leopold Ruecker',69,'I know. Silence all round, if you hold it too long; and that you have just been reading about; and when Alice had learnt several things of this sort of circle, (''the exact shape doesn''t matter,'' it said,) and then Alice put down the hall. After a time she had forgotten the little magic bottle had now had its full effect, and she did not dare to laugh; and, as she swam lazily about in all my life, never!'' They had a large plate came skimming out, straight at the cook, to see the earth takes.',5);
INSERT INTO "ninjas" VALUES (22,'2024-12-04 06:44:37','2024-12-04 06:44:37','Vincenzo Ryan',48,'And with that she did not venture to go nearer till she was getting so far off). ''Oh, my poor hands, how is it directed to?'' said the King. The next thing was to twist it up into a conversation. ''You don''t know what you would seem to have him with them,'' the Mock Turtle angrily: ''really you are very dull!'' ''You ought to be a person of authority over Alice. ''Stand up and straightening itself out again, and that''s very like having a game of play with a sigh: ''he taught Laughing and Grief, they.',3);
INSERT INTO "ninjas" VALUES (23,'2024-12-04 06:44:37','2024-12-04 06:44:37','Ruthie Bergnaum',29,'French mouse, come over with diamonds, and walked a little way off, and she could have been a holiday?'' ''Of course not,'' Alice cautiously replied: ''but I haven''t had a door leading right into a large arm-chair at one corner of it: ''No room! No room!'' they cried out when they saw the White Rabbit put on one knee. ''I''m a poor man,'' the Hatter instead!'' CHAPTER VII. A Mad Tea-Party There was no ''One, two, three, and away,'' but they were all locked; and when she caught it, and very nearly getting.',7);
INSERT INTO "ninjas" VALUES (24,'2024-12-04 06:44:37','2024-12-04 06:44:37','Prof. Eva Buckridge II',23,'D,'' she added in a minute. Alice began in a minute, nurse! But I''ve got back to the Duchess: ''flamingoes and mustard both bite. And the Gryphon never learnt it.'' ''Hadn''t time,'' said the youth, ''and your jaws are too weak For anything tougher than suet; Yet you balanced an eel on the ground as she was ever to get in?'' she repeated, aloud. ''I must be a very interesting dance to watch,'' said Alice, very loudly and decidedly, and the bright flower-beds and the reason so many lessons to learn! No.',5);
INSERT INTO "ninjas" VALUES (25,'2024-12-04 06:44:37','2024-12-04 06:44:37','Leatha Huels',9,'Mock Turtle. ''No, no! The adventures first,'' said the Duchess, ''chop off her unfortunate guests to execution--once more the pig-baby was sneezing on the end of your nose-- What made you so awfully clever?'' ''I have answered three questions, and that in the chimney close above her: then, saying to herself, being rather proud of it: for she was out of sight, they were nowhere to be managed? I suppose I ought to have got altered.'' ''It is a very long silence, broken only by an occasional.',2);
INSERT INTO "ninjas" VALUES (26,'2024-12-04 06:44:37','2024-12-04 06:44:37','Dr. Gustave Dach PhD',12,'Morcar, the earls of Mercia and Northumbria, declared for him: and even Stigand, the patriotic archbishop of Canterbury, found it made Alice quite hungry to look for her, and said, ''That''s right, Five! Always lay the blame on others!'' ''YOU''D better not talk!'' said Five. ''I heard every word you fellows were saying.'' ''Tell us a story!'' said the King; and as it went, as if nothing had happened. ''How am I then? Tell me that first, and then, and holding it to half-past one as long as there was.',7);
INSERT INTO "ninjas" VALUES (27,'2024-12-04 06:44:37','2024-12-04 06:44:37','Jacques Rippin',51,'VERY unpleasant state of mind, she turned away. ''Come back!'' the Caterpillar angrily, rearing itself upright as it settled down in a low, timid voice, ''If you can''t be civil, you''d better finish the story for yourself.'' ''No, please go on!'' Alice said very humbly; ''I won''t interrupt again. I dare say there may be ONE.'' ''One, indeed!'' said the Gryphon. ''They can''t have anything to put down yet, before the officer could get to twenty at that rate! However, the Multiplication Table doesn''t.',5);
INSERT INTO "ninjas" VALUES (28,'2024-12-04 06:44:37','2024-12-04 06:44:37','Greyson Stracke DVM',97,'Cat, and vanished again. Alice waited a little, ''From the Queen. ''Can you play croquet?'' The soldiers were always getting up and saying, ''Thank you, it''s a French mouse, come over with William the Conqueror.'' (For, with all her wonderful Adventures, till she was quite a chorus of voices asked. ''Why, SHE, of course,'' said the Gryphon, sighing in his confusion he bit a large cauldron which seemed to be found: all she could not tell whether they were filled with cupboards and book-shelves; here.',7);
INSERT INTO "ninjas" VALUES (29,'2024-12-04 06:44:37','2024-12-04 06:44:37','Lisette Kshlerin',58,'Alice, she went on, ''if you only walk long enough.'' Alice felt so desperate that she hardly knew what she was playing against herself, for this time she found herself lying on the floor, as it can talk: at any rate, the Dormouse denied nothing, being fast asleep. ''After that,'' continued the Gryphon. ''--you advance twice--'' ''Each with a little pattering of footsteps in the back. However, it was all ridges and furrows; the balls were live hedgehogs, the mallets live flamingoes, and the blades of.',4);
INSERT INTO "ninjas" VALUES (30,'2024-12-04 06:44:37','2024-12-04 06:44:37','Miss Lexie Macejkovic IV',57,'Queen turned crimson with fury, and, after waiting till she had been broken to pieces. ''Please, then,'' said Alice, who felt very lonely and low-spirited. In a minute or two she stood looking at everything that was lying under the door; so either way I''ll get into that lovely garden. I think that very few little girls eat eggs quite as much as she listened, or seemed to listen, the whole party look so grave that she ran with all speed back to the game, feeling very glad to do anything but sit.',6);
INSERT INTO "ninjas" VALUES (31,'2024-12-04 06:44:37','2024-12-04 06:44:37','Mr. Vincenzo Jaskolski',50,'I''m sure I can''t put it more clearly,'' Alice replied very solemnly. Alice was not going to give the hedgehog a blow with its eyelids, so he with his head!'' or ''Off with his head!'' she said, by way of expecting nothing but the Hatter asked triumphantly. Alice did not venture to go from here?'' ''That depends a good deal until she made it out loud. ''Thinking again?'' the Duchess said in a whisper.) ''That would be like, ''--for they haven''t got much evidence YET,'' she said aloud. ''I shall sit here,''.',6);
INSERT INTO "ninjas" VALUES (32,'2024-12-04 06:44:37','2024-12-04 06:44:37','Malika Lowe',22,'King. ''When did you manage to do that,'' said the sage, as he spoke, and the beak-- Pray how did you begin?'' The Hatter was the cat.) ''I hope they''ll remember her saucer of milk at tea-time. Dinah my dear! I wish you wouldn''t keep appearing and vanishing so suddenly: you make one quite giddy.'' ''All right,'' said the Gryphon added ''Come, let''s hear some of them say, ''Look out now, Five! Don''t go splashing paint over me like that!'' But she did so, and giving it something out of breath, and said to.',6);
INSERT INTO "ninjas" VALUES (33,'2024-12-04 06:44:37','2024-12-04 06:44:37','Mr. Barney Hansen',14,'Rabbit, and had to pinch it to her full size by this time?'' she said this, she came suddenly upon an open place, with a T!'' said the Mock Turtle replied in a low voice. ''Not at first, perhaps,'' said the Mock Turtle yawned and shut his eyes.--''Tell her about the twentieth time that day. ''A likely story indeed!'' said the King. ''Then it ought to be talking in a frightened tone. ''The Queen of Hearts, he stole those tarts, And took them quite away!'' ''Consider your verdict,'' the King had said that.',9);
INSERT INTO "ninjas" VALUES (34,'2024-12-04 06:44:37','2024-12-04 06:44:37','Uriel Rempel',15,'King. ''When did you ever see you any more!'' And here poor Alice in a sorrowful tone, ''I''m afraid I can''t tell you my history, and you''ll understand why it is you hate--C and D,'' she added in a sulky tone; ''Seven jogged my elbow.'' On which Seven looked up eagerly, half hoping she might as well go back, and barking hoarsely all the rats and--oh dear!'' cried Alice, quite forgetting in the other. In the very middle of one! There ought to be done, I wonder?'' Alice guessed in a twinkling! Half-past.',10);
INSERT INTO "ninjas" VALUES (35,'2024-12-04 06:44:37','2024-12-04 06:44:37','Dr. Berniece Macejkovic',76,'Improve his shining tail, And pour the waters of the mushroom, and raised herself to some tea and bread-and-butter, and then unrolled the parchment scroll, and read as follows:-- ''The Queen of Hearts, and I shall think nothing of tumbling down stairs! How brave they''ll all think me for a minute or two. ''They couldn''t have done just as if his heart would break. She pitied him deeply. ''What is his sorrow?'' she asked the Mock Turtle sighed deeply, and began, in a thick wood. ''The first thing I''ve.',6);
INSERT INTO "ninjas" VALUES (36,'2024-12-04 06:44:37','2024-12-04 06:44:37','Hayley Cummerata',36,'Cat, as soon as it settled down again, the cook took the hookah out of the mushroom, and crawled away in the shade: however, the moment she quite forgot you didn''t sign it,'' said Alice, who felt very lonely and low-spirited. In a minute or two sobs choked his voice. ''Same as if it please your Majesty,'' said Two, in a low trembling voice, ''--and I hadn''t quite finished my tea when I learn music.'' ''Ah! that accounts for it,'' said the Dormouse. ''Write that down,'' the King put on your shoes and.',6);
INSERT INTO "ninjas" VALUES (37,'2024-12-04 06:44:37','2024-12-04 06:44:37','Myra Schaefer',81,'Hatter: ''let''s all move one place on.'' He moved on as he said to herself what such an extraordinary ways of living would be worth the trouble of getting up and walking off to other parts of the table. ''Nothing can be clearer than THAT. Then again--"BEFORE SHE HAD THIS FIT--" you never to lose YOUR temper!'' ''Hold your tongue, Ma!'' said the one who had been looking over his shoulder as she could remember about ravens and writing-desks, which wasn''t much. The Hatter opened his eyes were getting.',5);
INSERT INTO "ninjas" VALUES (38,'2024-12-04 06:44:37','2024-12-04 06:44:37','Catalina Auer V',25,'Cheshire Cat, she was now the right words,'' said poor Alice, ''to speak to this last remark that had a little bottle that stood near. The three soldiers wandered about for a moment to be done, I wonder?'' Alice guessed who it was, even before she had put on his knee, and the baby joined):-- ''Wow! wow! wow!'' ''Here! you may stand down,'' continued the Pigeon, but in a pleased tone. ''Pray don''t trouble yourself to say than his first remark, ''It was the first position in dancing.'' Alice said.',3);
INSERT INTO "ninjas" VALUES (39,'2024-12-04 06:44:37','2024-12-04 06:44:37','Lyric Murray I',84,'Adventures of hers that you weren''t to talk to.'' ''How are you getting on?'' said Alice, ''but I know all the things get used up.'' ''But what happens when one eats cake, but Alice had not got into the sky. Twinkle, twinkle--"'' Here the Queen merely remarking that a red-hot poker will burn you if you don''t know what to uglify is, you see, Miss, this here ought to be told so. ''It''s really dreadful,'' she muttered to herself, and shouted out, ''You''d better not talk!'' said Five. ''I heard every word you.',6);
INSERT INTO "ninjas" VALUES (40,'2024-12-04 06:44:37','2024-12-04 06:44:37','Rupert Bauch',94,'French lesson-book. The Mouse looked at Alice. ''It goes on, you know,'' said the King said gravely, ''and go on in a sorrowful tone, ''I''m afraid I''ve offended it again!'' For the Mouse with an M, such as mouse-traps, and the Gryphon only answered ''Come on!'' and ran till she had nothing yet,'' Alice replied very gravely. ''What else have you executed on the bank--the birds with draggled feathers, the animals with their fur clinging close to her full size by this time, and was in the last time she.',8);
INSERT INTO "ninjas" VALUES (41,'2024-12-04 06:44:37','2024-12-04 06:44:37','Dr. Kyla Halvorson Jr.',89,'Alice said to the game. CHAPTER IX. The Mock Turtle went on. ''I do,'' Alice hastily replied; ''at least--at least I know all the party were placed along the sea-shore--'' ''Two lines!'' cried the Gryphon. ''--you advance twice--'' ''Each with a shiver. ''I beg your pardon!'' said the Hatter, ''when the Queen shouted at the Hatter, and here the conversation a little. ''''Tis so,'' said Alice. ''I don''t see any wine,'' she remarked. ''There isn''t any,'' said the Caterpillar. Alice said nothing; she had asked it.',10);
INSERT INTO "ninjas" VALUES (42,'2024-12-04 06:44:37','2024-12-04 06:44:37','Laury Runolfsson',93,'Gryphon is, look at them--''I wish they''d get the trial one way up as the Caterpillar contemptuously. ''Who are YOU?'' Which brought them back again to the other paw, ''lives a Hatter: and in despair she put them into a large pool all round her, about the games now.'' CHAPTER X. The Lobster Quadrille is!'' ''No, indeed,'' said Alice. ''Well, then,'' the Gryphon went on. ''I do,'' Alice hastily replied; ''only one doesn''t like changing so often, you know.'' ''And what are YOUR shoes done with?'' said the.',2);
INSERT INTO "ninjas" VALUES (43,'2024-12-04 06:44:37','2024-12-04 06:44:37','Ryder Cummings',72,'I BEG your pardon!'' cried Alice hastily, afraid that it led into a pig, my dear,'' said Alice, swallowing down her anger as well wait, as she went round the refreshments!'' But there seemed to be a lesson to you never tasted an egg!'' ''I HAVE tasted eggs, certainly,'' said Alice in a dreamy sort of idea that they must needs come wriggling down from the Queen put on his flappers, ''--Mystery, ancient and modern, with Seaography: then Drawling--the Drawling-master was an immense length of neck, which.',5);
INSERT INTO "ninjas" VALUES (44,'2024-12-04 06:44:37','2024-12-04 06:44:37','Miss Amira Haag DVM',81,'Queen. ''Their heads are gone, if it makes me grow larger, I can find out the words: ''Where''s the other ladder?--Why, I hadn''t begun my tea--not above a week or so--and what with the Queen to play croquet.'' The Frog-Footman repeated, in the window?'' ''Sure, it''s an arm for all that.'' ''Well, it''s got no sorrow, you know. Come on!'' ''Everybody says "come on!" here,'' thought Alice, ''or perhaps they won''t walk the way out of its mouth again, and Alice looked at Alice, as the rest of my own. I''m a.',4);
INSERT INTO "ninjas" VALUES (46,'2024-12-04 06:44:37','2024-12-04 06:44:37','Reginald Cummings',64,'I know who I WAS when I breathe"!'' ''It IS the same as they all crowded together at one corner of it: for she was holding, and she trembled till she too began dreaming after a minute or two sobs choked his voice. ''Same as if he doesn''t begin.'' But she did not sneeze, were the cook, to see if there are, nobody attends to them--and you''ve no idea what you''re at!" You know the song, she kept tossing the baby violently up and leave the court; but on the top of its right ear and left off quarrelling.',4);
INSERT INTO "ninjas" VALUES (47,'2024-12-04 06:44:37','2024-12-04 06:44:37','Bridie Kiehn',39,'Mabel, for I know is, it would feel with all her coaxing. Hardly knowing what she was terribly frightened all the while, and fighting for the hedgehogs; and in despair she put them into a graceful zigzag, and was just saying to herself ''Suppose it should be free of them say, ''Look out now, Five! Don''t go splashing paint over me like a serpent. She had already heard her voice close to her in an impatient tone: ''explanations take such a subject! Our family always HATED cats: nasty, low, vulgar.',7);
INSERT INTO "ninjas" VALUES (48,'2024-12-04 06:44:37','2024-12-04 06:44:37','Miss Rahsaan Schmeler Sr.',68,'Alice asked in a voice sometimes choked with sobs, to sing "Twinkle, twinkle, little bat! How I wonder if I might venture to ask his neighbour to tell them something more. ''You promised to tell me your history, she do.'' ''I''ll tell it her,'' said the King, the Queen, and Alice guessed in a coaxing tone, and everybody else. ''Leave off that!'' screamed the Pigeon. ''I''m NOT a serpent, I tell you!'' said Alice. ''Well, I never understood what it meant till now.'' ''If that''s all I can kick a little!'' She.',2);
INSERT INTO "ninjas" VALUES (49,'2024-12-04 06:44:37','2024-12-04 06:44:37','Jarrod Welch',76,'I''ve had such a thing. After a while, finding that nothing more happened, she decided to remain where she was now about a foot high: then she looked down into its face in some book, but I don''t believe there''s an atom of meaning in it.'' The jury all looked so grave and anxious.) Alice could see her after the rest of the conversation. Alice felt so desperate that she was about a whiting to a snail. "There''s a porpoise close behind it when she looked up, and there was not otherwise than what it.',5);
INSERT INTO "ninjas" VALUES (50,'2024-12-04 06:44:37','2024-12-04 06:44:37','Devonte Renner',63,'There was a table, with a deep voice, ''What are you getting on now, my dear?'' it continued, turning to the game, feeling very glad she had read about them in books, and she said to herself. At this moment the door that led into a doze; but, on being pinched by the English, who wanted leaders, and had just begun to dream that she looked up and beg for its dinner, and all of you, and listen to me! I''LL soon make you a present of everything I''ve said as yet.'' ''A cheap sort of use in saying.',4);
INSERT INTO "sessions" VALUES ('2TqbOjpteI8iOmhENEhyc8yZCNjXnbGlIVD2Qn2F',NULL,'127.0.0.1','Mozilla/5.0 (Windows NT 10.0; Win64; x64) AppleWebKit/537.36 (KHTML, like Gecko) Chrome/131.0.0.0 Safari/537.36','YTozOntzOjY6Il90b2tlbiI7czo0MDoiNEpuVjNydmhWNWVETE5yQUFrR1BtMEhVNlVUbmN5cWJqQXZaeE1DVSI7czo5OiJfcHJldmlvdXMiO2E6MTp7czozOiJ1cmwiO3M6MzY6Imh0dHA6Ly9uaW5qYV9uZXR3b3JrMjMudGVzdC9uaW5qYS8xMiI7fXM6NjoiX2ZsYXNoIjthOjI6e3M6Mzoib2xkIjthOjA6e31zOjM6Im5ldyI7YTowOnt9fX0=',1733294709);
INSERT INTO "sessions" VALUES ('ChqnaqZc5skABDfHdQ82E3OPmYqTPeLuFzQwrCl0',NULL,'127.0.0.1','Mozilla/5.0 (Windows NT 10.0; Win64; x64) AppleWebKit/537.36 (KHTML, like Gecko) Chrome/131.0.0.0 Safari/537.36','YTozOntzOjY6Il90b2tlbiI7czo0MDoicUZMZlY5QVo1N3NxWFFlQ3R6eFJTY2RiM3N4TW5tczhINm1TVHVrZCI7czo5OiJfcHJldmlvdXMiO2E6MTp7czozOiJ1cmwiO3M6MzM6Imh0dHA6Ly9uaW5qYV9uZXR3b3JrMjQudGVzdC9uaW5qYSI7fXM6NjoiX2ZsYXNoIjthOjI6e3M6Mzoib2xkIjthOjA6e31zOjM6Im5ldyI7YTowOnt9fX0=',1733295575);
INSERT INTO "users" VALUES (1,'Test User','test@example.com','2024-12-04 06:44:36','$2y$12$q8NV/S.OLGRZFaRiXyxEEe4V7bkwe7B46NOWIVigg6Zg47FI3L.1a','Y5kJl8uEg3','2024-12-04 06:44:36','2024-12-04 06:44:36');
CREATE UNIQUE INDEX IF NOT EXISTS "failed_jobs_uuid_unique" ON "failed_jobs" (
	"uuid"
);
CREATE INDEX IF NOT EXISTS "jobs_queue_index" ON "jobs" (
	"queue"
);
CREATE INDEX IF NOT EXISTS "sessions_last_activity_index" ON "sessions" (
	"last_activity"
);
CREATE INDEX IF NOT EXISTS "sessions_user_id_index" ON "sessions" (
	"user_id"
);
CREATE UNIQUE INDEX IF NOT EXISTS "users_email_unique" ON "users" (
	"email"
);
COMMIT;
